{"cameraMode":{"drawMode":0,"name":"Shaded","section":"Shading Mode"},"sceneLighting":false,"audioPlay":false,"sceneViewState":{"m_AlwaysRefresh":false,"showFog":true,"showSkybox":false,"showFlares":true,"showImageEffects":true,"showParticleSystems":true,"showVisualEffectGraphs":true,"m_FxEnabled":true},"in2DMode":false,"pivot":{"x":-0.19647109508514405,"y":0.02043549157679081,"z":0.23718056082725526},"rotation":{"x":-0.01919499970972538,"y":0.9709710478782654,"z":-0.1502317637205124,"w":-0.18673770129680634},"size":0.438062459230423,"orthographic":false}