{"cameraMode":{"drawMode":0,"name":"Shaded","section":"Shading Mode"},"sceneLighting":true,"audioPlay":false,"sceneViewState":{"m_AlwaysRefresh":false,"showFog":true,"showSkybox":true,"showFlares":true,"showImageEffects":true,"showParticleSystems":true,"showVisualEffectGraphs":true,"m_FxEnabled":true},"in2DMode":false,"pivot":{"x":3.8904852867126467,"y":37.1037712097168,"z":-16.23710823059082},"rotation":{"x":-0.1645129770040512,"y":-0.024569019675254823,"z":0.004061147104948759,"w":-0.9860900640487671},"size":1.0864784717559815,"orthographic":false}