{"cameraMode":{"drawMode":0,"name":"Shaded","section":"Shading Mode"},"sceneLighting":false,"audioPlay":false,"sceneViewState":{"m_AlwaysRefresh":false,"showFog":true,"showSkybox":false,"showFlares":true,"showImageEffects":true,"showParticleSystems":true,"showVisualEffectGraphs":true,"m_FxEnabled":true},"in2DMode":false,"pivot":{"x":0.010900497436523438,"y":0.02242434024810791,"z":-0.026297450065612794},"rotation":{"x":-0.11137139797210694,"y":0.7579809427261353,"z":-0.1500769406557083,"w":-0.6254034638404846},"size":1.4188499450683594,"orthographic":false}